{
    "nome": "cafe",
    "preco produto": 20.2,
    "valor total dolar": 4.293741451332668,
    "valor total real": 23.229999999999997
}