{
    "nome": "Coca-Cola",
    "preco produto": 11.9,
    "valor total dolar": 2.5294813500425124,
    "valor total real": 13.684999999999999
}